{
  "pdb": "1AKJ",
  "origin": [
    12.612864173598375,
    39.475837979106,
    41.21547132076881
  ],
  "normal": [
    -0.7108841727199967,
    0.4946146914262716,
    -0.49999999999950007
  ],
  "center": 31.5,
  "Q_max": 0.328125,
  "d_in": 18.5,
  "d_out": 44.5,
  "thickness_A": 26.0,
  "dirs": 30,
  "rsa_mode": "hard",
  "rsa_threshold": 0.15,
  "rsa_quantile": null,
  "win_A": 20.0,
  "bin_A": 1.0,
  "widen_step_A": 1.0,
  "max_half_extra_A": 15.0,
  "min_seg_len": 16,
  "lambda_penalty": 0.8,
  "segments": [
    {
      "chain": "E",
      "start": 3,
      "end": 21,
      "length": 19
    },
    {
      "chain": "E",
      "start": 77,
      "end": 92,
      "length": 16
    }
  ]
}